metric,test,algorithm_a,algorithm_b,n_a,n_b,mean_a,mean_b,median_a,median_b,mean_difference_a_minus_b,mann_whitney_u,p_value,holm_adjusted_p_value,cliffs_delta_a_minus_b,alpha,reject_after_holm
hypervolume_48,"Mann-Whitney U, two-sided",NSGA-II,NSGA-III,21,21,0.8459565709898345,0.8449769527391692,0.8459673149785972,0.8452023270347186,0.0009796182506652817,415.0,1.0597100574986758e-06,4.238840229994703e-06,0.8820861678004536,0.05,True
hypervolume_48,"Mann-Whitney U, two-sided",NSGA-II,MOPSO,21,21,0.8459565709898345,0.8446052566937319,0.8459673149785972,0.8447414034570588,0.0013513142961025792,436.0,6.356041512151577e-08,3.1780207560757886e-07,0.9773242630385488,0.05,True
hypervolume_48,"Mann-Whitney U, two-sided",NSGA-II,MOEA/D,21,21,0.8459565709898345,0.8401893913873868,0.8459673149785972,0.8413349412051836,0.0057671796024476585,441.0,3.125399998400872e-08,1.8752399990405232e-07,1.0,0.05,True
hypervolume_48,"Mann-Whitney U, two-sided",NSGA-III,MOPSO,21,21,0.8449769527391692,0.8446052566937319,0.8452023270347186,0.8447414034570588,0.0003716960454372975,296.0,0.059203310186616454,0.059203310186616454,0.3424036281179138,0.05,False
hypervolume_48,"Mann-Whitney U, two-sided",NSGA-III,MOEA/D,21,21,0.8449769527391692,0.8401893913873868,0.8452023270347186,0.8413349412051836,0.004787561351782377,415.0,1.0597100574986758e-06,4.238840229994703e-06,0.8820861678004536,0.05,True
hypervolume_48,"Mann-Whitney U, two-sided",MOPSO,MOEA/D,21,21,0.8446052566937319,0.8401893913873868,0.8447414034570588,0.8413349412051836,0.004415865306345079,394.0,1.3493631549427563e-05,2.6987263098855125e-05,0.7868480725623582,0.05,True
