algorithm,framework,runs,evaluations_per_run_mean,front_size_mean,front_size_std,hypervolume_mean,hypervolume_std,hypervolume_best,runtime_seconds_mean,runtime_seconds_std,runtime_seconds_min,runtime_seconds_max,engine_speed_rpm_mean,engine_speed_rpm_std,ignition_timing_degrees_mean,ignition_timing_degrees_std,thermal_efficiency_percent_mean,thermal_efficiency_percent_std,net_specific_power_kw_per_kg_mean,net_specific_power_kw_per_kg_std,best_engine_speed_rpm,best_ignition_timing_degrees,best_thermal_efficiency_percent,best_net_specific_power_kw_per_kg,best_compromise_score,best_run,best_seed
NSGA-II,DEAP,21,504.0,23.047619047619047,0.9206622874969125,0.8446261892773376,0.00291890266082216,0.8475497123474247,9.644542014403712,1.1102335775579986,8.41717809997499,13.328409699723125,5169.374921649535,255.01293254114438,-36.85836356170852,2.3436114420140086,35.63169082357995,0.22921171769620027,15344.833277344233,657.9479451496045,5217.624203515553,-38.11622749122607,35.599484933089904,15478.727851631427,0.39857235430983085,15,20260733
NSGA-III,DEAP,21,504.0,23.666666666666668,0.5773502691896258,0.8429256578835674,0.002690053095739599,0.846163688512326,9.859882380990754,1.0101194914929428,8.412169000133872,13.23644390143454,5199.004214740752,188.70339201803571,-37.44239123087569,2.166753685260062,35.601782058930056,0.17639503733117767,15421.85482405232,483.5597655963111,5201.405342523865,-37.43934564326605,35.61709586946093,15438.246061716565,0.3983931692504595,14,20270732
MOPSO,PySwarm + Pareto repository,21,504.0,95.04761904761905,2.783454516894258,0.8386677417028682,0.013867308727021297,0.8500646792559139,9.271600333264185,0.7980810704235829,8.404046500101686,11.897565599530935,5234.474483741025,81.92370109624183,-37.73263004341171,0.7565477737327226,35.58561789437021,0.0757159014566582,15522.175201584025,209.72137541582552,5230.252131764429,-37.59597156485496,35.59069972788167,15512.36109356173,0.39836966521684514,14,20280732
MOEA/D,pymoo,21,504.0,20.80952380952381,1.8606194564995717,0.8266035429631055,0.01047811084821176,0.8405192968178732,34.3121956953158,1.8502732465845455,31.822621800005436,37.44154280051589,5444.559331695838,455.1168200487919,-38.68613325361457,5.240901677945356,35.33705769904319,0.40682199612919767,16018.390255917388,1154.1084316188758,5304.581163380697,-37.38899523000153,35.51869889577355,15700.985092525929,0.3987346407284692,8,20290726
