algorithm,framework,run,seed,solution,engine_speed_rpm,ignition_timing_degrees,thermal_efficiency_percent,net_specific_power_kw_per_kg,compromise_score,is_run_compromise
NSGA-II,DEAP,15,20260733,11,5217.624203515553,-38.11622749122607,35.599484933089904,15478.727851631427,0.39857235430983085,True
NSGA-III,DEAP,14,20270732,6,5201.405342523865,-37.43934564326605,35.61709586946093,15438.246061716565,0.3983931692504595,True
MOPSO,PySwarm + Pareto repository,14,20280732,43,5230.252131764429,-37.59597156485496,35.59069972788167,15512.36109356173,0.39836966521684514,True
MOEA/D,pymoo,8,20290726,4,5304.581163380697,-37.38899523000153,35.51869889577355,15700.985092525929,0.3987346407284692,True
